"mun_code","COMUNE","longitude","latitude","province","province_code","region","agr_reg_code"
"1025","Bibiana",7.28978596,44.79758015,"Torino","TO","PIEMONTE","11"
"1033","Bosconero",7.76506984,45.26856393,"Torino","TO","PIEMONTE","14"
"1041","Buriasco",7.41192286,44.87335846,"Torino","TO","PIEMONTE","16"
"1043","Busano",7.6557437,45.32883648,"Torino","TO","PIEMONTE","14"
"1049","Campiglione-Fenile",7.32503803,44.8021244,"Torino","TO","PIEMONTE","16"
"1058","Carignano",7.67534298,44.90666664,"Torino","TO","PIEMONTE","15"
"1059","Carmagnola",7.71815745,44.84654865,"Torino","TO","PIEMONTE","17"
"1062","Caselette",7.48320717,45.10588105,"Torino","TO","PIEMONTE","10"
"1063","Caselle Torinese",7.64818634,45.17716554,"Torino","TO","PIEMONTE","14"
"1066","Castellamonte",7.70986533,45.3833354,"Torino","TO","PIEMONTE","8"
"1078","Chieri",7.82107157,45.01315317,"Torino","TO","PIEMONTE","17"
"108004","Arcore",9.32108103,45.62696694,"Monza e della Brianza","MB","LOMBARDIA","4"
"108031","Mezzago",9.43948055,45.62597039,"Monza e della Brianza","MB","LOMBARDIA","4"
"108034","MuggiÃ²",9.22956006,45.59366403,"Monza e della Brianza","MB","LOMBARDIA","3"
"108044","Usmate Velate",9.36146078,45.6506647,"Monza e della Brianza","MB","LOMBARDIA","1"
"108051","Busnago",9.46619248,45.617173,"Monza e della Brianza","MB","LOMBARDIA","4"
"108054","Lentate sul Seveso",9.11924273,45.67821761,"Monza e della Brianza","MB","LOMBARDIA","3"
"1082","Chivasso",7.8871395,45.18855522,"Torino","TO","PIEMONTE","14"
"1086","Ciriè",7.60378213,45.23202337,"Torino","TO","PIEMONTE","14"
"1099","Druento",7.57620424,45.13473277,"Torino","TO","PIEMONTE","9"
"1101","Favria",7.68801437,45.33284709,"Torino","TO","PIEMONTE","14"
"1110","Frossasco",7.35077043,44.93362239,"Torino","TO","PIEMONTE","11"
"1142","Macello",7.40079259,44.85117887,"Torino","TO","PIEMONTE","16"
"1144","Marentino",7.87332971,45.05800482,"Torino","TO","PIEMONTE","12"
"1148","Mazzè",7.93700162,45.29853622,"Torino","TO","PIEMONTE","13"
"1150","Mercenasco",7.88256683,45.35697859,"Torino","TO","PIEMONTE","8"
"1155","Monastero di Lanzo",7.43913232,45.30142445,"Torino","TO","PIEMONTE","3"
"1161","Montanaro",7.85282569,45.23289425,"Torino","TO","PIEMONTE","14"
"1168","None",7.54123958,44.93231301,"Torino","TO","PIEMONTE","16"
"1171","Orbassano",7.53695676,45.00703303,"Torino","TO","PIEMONTE","15"
"1173","Osasco",7.34316619,44.84947467,"Torino","TO","PIEMONTE","16"
"1176","Ozegna",7.74313424,45.34901489,"Torino","TO","PIEMONTE","13"
"1178","Pancalieri",7.58816166,44.83047398,"Torino","TO","PIEMONTE","16"
"1191","Pinerolo",7.33200099,44.88733486,"Torino","TO","PIEMONTE","11"
"1192","Pino Torinese",7.77216514,45.0435201,"Torino","TO","PIEMONTE","12"
"1196","Piverone",8.00710274,45.44754377,"Torino","TO","PIEMONTE","8"
"1197","Poirino",7.84361932,44.92119885,"Torino","TO","PIEMONTE","17"
"1203","Pralormo",7.90066311,44.86135787,"Torino","TO","PIEMONTE","17"
"1215","Riva presso Chieri",7.86919927,44.98628102,"Torino","TO","PIEMONTE","17"
"1217","Rivarolo Canavese",7.7252213,45.33279488,"Torino","TO","PIEMONTE","14"
"1218","Rivarossa",7.71719961,45.25127899,"Torino","TO","PIEMONTE","9"
"1219","Rivoli",7.53394487,45.07062854,"Torino","TO","PIEMONTE","10"
"1237","San Carlo Canavese",7.61016157,45.24815307,"Torino","TO","PIEMONTE","14"
"1244","San Giorgio Canavese",7.79425943,45.33544394,"Torino","TO","PIEMONTE","13"
"1248","San Maurizio Canavese",7.63075305,45.21911823,"Torino","TO","PIEMONTE","14"
"1254","San Secondo di Pinerolo",7.29864772,44.86656606,"Torino","TO","PIEMONTE","11"
"1257","Santena",7.77316006,44.94968716,"Torino","TO","PIEMONTE","17"
"1260","Scalenghe",7.49796536,44.88830917,"Torino","TO","PIEMONTE","16"
"1265","Settimo Torinese",7.77124007,45.13698893,"Torino","TO","PIEMONTE","14"
"1273","Torrazza Piemonte",7.9749012,45.21520992,"Torino","TO","PIEMONTE","14"
"1287","Valperga",7.6567871,45.37027102,"Torino","TO","PIEMONTE","9"
"1293","Verolengo",7.96715786,45.18904937,"Torino","TO","PIEMONTE","14"
"1299","Vigone",7.49452417,44.84235593,"Torino","TO","PIEMONTE","16"
"1300","Villafranca Piemonte",7.50450846,44.78128218,"Torino","TO","PIEMONTE","16"
"13100","Fenegrò",9.00273087,45.70159962,"Como","CO","LOMBARDIA","13"
"13133","Lomazzo",9.04014928,45.69902477,"Como","CO","LOMBARDIA","13"
"13137","Lurago Marinone",8.98394626,45.70780673,"Como","CO","LOMBARDIA","13"
"13138","Lurate Caccivio",9.00067971,45.7655543,"Como","CO","LOMBARDIA","9"
"1315","Volvera",7.51230483,44.95502486,"Torino","TO","PIEMONTE","16"
"13202","Rovello Porro",9.03981948,45.65439932,"Como","CO","LOMBARDIA","13"
"15002","Abbiategrasso",8.91748563,45.39857615,"Milano","MI","LOMBARDIA","8"
"15007","Arconate",8.85151512,45.54155555,"Milano","MI","LOMBARDIA","2"
"15041","Busto Garolfo",8.88340873,45.54605784,"Milano","MI","LOMBARDIA","2"
"15058","Casorezzo",8.8990494,45.524201,"Milano","MI","LOMBARDIA","5"
"15062","Castano Primo",8.77635835,45.55121165,"Milano","MI","LOMBARDIA","2"
"15078","Cisliano",8.9860794,45.44604503,"Milano","MI","LOMBARDIA","8"
"15096","Cuggiono",8.82157381,45.50692962,"Milano","MI","LOMBARDIA","5"
"15113","Inveruno",8.85360485,45.51294461,"Milano","MI","LOMBARDIA","5"
"15165","Ozzero",8.92292595,45.36877272,"Milano","MI","LOMBARDIA","8"
"15185","Rodano",9.35708365,45.47318177,"Milano","MI","LOMBARDIA","7"
"15202","San Zenone al Lambro",9.35836311,45.32647936,"Milano","MI","LOMBARDIA","9"
"15230","Vaprio d'Adda",9.53346804,45.57645829,"Milano","MI","LOMBARDIA","4"
"16025","Berzo San Fermo",9.90029675,45.71817,"Bergamo","BG","LOMBARDIA","5"
"16040","Brignano Gera d'Adda",9.64789634,45.5445147,"Bergamo","BG","LOMBARDIA","9"
"16042","Brusaporto",9.76126081,45.67082667,"Bergamo","BG","LOMBARDIA","10"
"16043","Calcinate",9.80155201,45.61977118,"Bergamo","BG","LOMBARDIA","10"
"16046","Calusco d'Adda",9.47138472,45.68834716,"Bergamo","BG","LOMBARDIA","8"
"16047","Calvenzano",9.59815751,45.49463312,"Bergamo","BG","LOMBARDIA","9"
"16062","Castelli Calepio",9.90225371,45.64152654,"Bergamo","BG","LOMBARDIA","7"
"16096","Fara Gera d'Adda",9.53074769,45.55086391,"Bergamo","BG","LOMBARDIA","9"
"16101","Fontanella",9.80044757,45.47222286,"Bergamo","BG","LOMBARDIA","10"
"16117","Grassobbio",9.72770139,45.65483964,"Bergamo","BG","LOMBARDIA","9"
"16122","Isso",9.75897489,45.476295,"Bergamo","BG","LOMBARDIA","10"
"16133","Martinengo",9.76736896,45.57167298,"Bergamo","BG","LOMBARDIA","10"
"16135","Misano di Gera d'Adda",9.62059954,45.4685511,"Bergamo","BG","LOMBARDIA","9"
"16141","Mornico al Serio",9.80871213,45.590549,"Bergamo","BG","LOMBARDIA","10"
"16142","Mozzanica",9.69375604,45.47709603,"Bergamo","BG","LOMBARDIA","9"
"16198","Seriate",9.71764216,45.68353578,"Bergamo","BG","LOMBARDIA","10"
"16213","Terno d'Isola",9.53143321,45.6835994,"Bergamo","BG","LOMBARDIA","8"
"16224","Valbrembo",9.60836917,45.71643237,"Bergamo","BG","LOMBARDIA","9"
"17002","Adro",9.95535378,45.62514272,"Brescia","BS","LOMBARDIA","9"
"17009","Bagnolo Mella",10.17928028,45.42902132,"Brescia","BS","LOMBARDIA","14"
"17014","Bedizzole",10.42277837,45.51035884,"Brescia","BS","LOMBARDIA","14"
"17032","Calcinato",10.41651764,45.4574704,"Brescia","BS","LOMBARDIA","14"
"17034","Calvisano",10.34287551,45.34907813,"Brescia","BS","LOMBARDIA","14"
"17046","Cazzago San Martino",10.02501501,45.58101331,"Brescia","BS","LOMBARDIA","12"
"17052","Chiari",9.93052864,45.5368436,"Brescia","BS","LOMBARDIA","12"
"17073","Gambara",10.29778932,45.25386029,"Brescia","BS","LOMBARDIA","14"
"17080","Gottolengo",10.27151767,45.29173169,"Brescia","BS","LOMBARDIA","14"
"17086","Isorella",10.31665753,45.3075627,"Brescia","BS","LOMBARDIA","14"
"17088","Leno",10.21741867,45.36749972,"Brescia","BS","LOMBARDIA","14"
"17092","Lonato del Garda",10.48429285,45.46089172,"Brescia","BS","LOMBARDIA","11"
"17113","Montichiari",10.39528281,45.41224627,"Brescia","BS","LOMBARDIA","14"
"17122","Offlaga",10.11630783,45.38652358,"Brescia","BS","LOMBARDIA","13"
"17125","Orzinuovi",9.92176686,45.4024979,"Brescia","BS","LOMBARDIA","12"
"17126","Orzivecchi",9.96045414,45.42088848,"Brescia","BS","LOMBARDIA","12"
"17137","Pavone del Mella",10.20804853,45.30332169,"Brescia","BS","LOMBARDIA","13"
"17146","Pompiano",9.9871549,45.43278121,"Brescia","BS","LOMBARDIA","12"
"17151","Pozzolengo",10.62709464,45.40285678,"Brescia","BS","LOMBARDIA","11"
"17166","Rovato",9.99763789,45.56808537,"Brescia","BS","LOMBARDIA","12"
"17168","Sabbio Chiese",10.41553263,45.65676279,"Brescia","BS","LOMBARDIA","8"
"17195","Verolanuova",10.07665283,45.32577656,"Brescia","BS","LOMBARDIA","13"
"17203","Visano",10.36908371,45.31626037,"Brescia","BS","LOMBARDIA","14"
"18009","Bascapè",9.31542149,45.30464405,"Pavia","PV","LOMBARDIA","7"
"18032","Casatisma",9.13096391,45.04568877,"Pavia","PV","LOMBARDIA","10"
"18034","Casorate Primo",9.01813904,45.3119243,"Pavia","PV","LOMBARDIA","7"
"18041","Cava Manara",9.10710573,45.13887406,"Pavia","PV","LOMBARDIA","8"
"18076","Gropello Cairoli",8.99214762,45.17717695,"Pavia","PV","LOMBARDIA","5"
"18078","Landriano",9.25958712,45.31128201,"Pavia","PV","LOMBARDIA","7"
"18087","Marzano",9.29457635,45.247586,"Pavia","PV","LOMBARDIA","7"
"18099","Monticelli Pavese",9.51274019,45.11050666,"Pavia","PV","LOMBARDIA","11"
"18113","Pieve del Cairo",8.80510102,45.04897446,"Pavia","PV","LOMBARDIA","9"
"18114","Pieve Porto Morone",9.43845739,45.11250986,"Pavia","PV","LOMBARDIA","11"
"18115","Pinarolo Po",9.1648143,45.06602995,"Pavia","PV","LOMBARDIA","10"
"18120","Redavalle",9.20401766,45.03773197,"Pavia","PV","LOMBARDIA","2"
"18139","Santa Cristina e Bissone",9.40113574,45.15679448,"Pavia","PV","LOMBARDIA","11"
"18151","Sommo",9.08377546,45.13223484,"Pavia","PV","LOMBARDIA","8"
"18153","Stradella",9.2951673,45.07530591,"Pavia","PV","LOMBARDIA","2"
"18164","Tromello",8.86959755,45.21183831,"Pavia","PV","LOMBARDIA","5"
"18181","Vistarino",9.30645859,45.21147861,"Pavia","PV","LOMBARDIA","7"
"19003","Annicco",9.88185079,45.24474357,"Cremona","CR","LOMBARDIA","4"
"19011","Campagnola Cremasca",9.66944164,45.39913388,"Cremona","CR","LOMBARDIA","2"
"19021","Casalmaggiore",10.41378078,44.98742209,"Cremona","CR","LOMBARDIA","7"
"19026","Castelverde",9.99696281,45.18570753,"Cremona","CR","LOMBARDIA","5"
"19027","Castelvisconti",9.94220743,45.30567509,"Cremona","CR","LOMBARDIA","4"
"19029","Chieve",9.6161229,45.33750304,"Cremona","CR","LOMBARDIA","2"
"19035","Crema",9.6873619,45.36329144,"Cremona","CR","LOMBARDIA","2"
"19041","Dovera",9.5381977,45.36350267,"Cremona","CR","LOMBARDIA","1"
"19044","Formigara",9.77073788,45.22306217,"Cremona","CR","LOMBARDIA","3"
"19046","Gadesco-Pieve Delmona",10.11603436,45.15529613,"Cremona","CR","LOMBARDIA","5"
"19051","Grumello Cremonese ed Uniti",9.86736262,45.19324785,"Cremona","CR","LOMBARDIA","4"
"19075","Pieve San Giacomo",10.18674451,45.12808126,"Cremona","CR","LOMBARDIA","6"
"19076","Pizzighettone",9.78313165,45.18664763,"Cremona","CR","LOMBARDIA","3"
"19079","Ricengo",9.72366022,45.40554807,"Cremona","CR","LOMBARDIA","2"
"19083","Rivarolo del Re ed Uniti",10.4687891,45.0278583,"Cremona","CR","LOMBARDIA","7"
"19084","Rivolta d'Adda",9.51356807,45.46963995,"Cremona","CR","LOMBARDIA","1"
"19088","San Bassano",9.81348816,45.24650968,"Cremona","CR","LOMBARDIA","4"
"19090","San Giovanni in Croce",10.378411,45.07745004,"Cremona","CR","LOMBARDIA","7"
"19093","Scandolara Ripa d'Oglio",10.15714461,45.22170438,"Cremona","CR","LOMBARDIA","5"
"19097","Soncino",9.87356025,45.39988968,"Cremona","CR","LOMBARDIA","2"
"19099","Sospiro",10.15925599,45.10565613,"Cremona","CR","LOMBARDIA","6"
"19100","Spinadesco",9.92828507,45.14822339,"Cremona","CR","LOMBARDIA","5"
"19110","Trigolo",9.81161994,45.32926498,"Cremona","CR","LOMBARDIA","2"
"19113","Vescovato",10.16811976,45.17636519,"Cremona","CR","LOMBARDIA","6"
"20001","Acquanegra sul Chiese",10.43338521,45.16049553,"Mantova","MN","LOMBARDIA","2"
"20002","Asola",10.41432135,45.22055281,"Mantova","MN","LOMBARDIA","2"
"20004","Bigarello",10.89839216,45.18012071,"Mantova","MN","LOMBARDIA","3"
"20008","Canneto sull'Oglio",10.37540525,45.15029003,"Mantova","MN","LOMBARDIA","2"
"20009","Carbonara di Po",11.22920362,45.03536191,"Mantova","MN","LOMBARDIA","7"
"20011","Casaloldo",10.48213987,45.25257166,"Mantova","MN","LOMBARDIA","2"
"20012","Casalromano",10.36510881,45.1972989,"Mantova","MN","LOMBARDIA","2"
"20016","Castellucchio",10.64451007,45.14673489,"Mantova","MN","LOMBARDIA","5"
"20017","Castiglione delle Stiviere",10.49104943,45.3864959,"Mantova","MN","LOMBARDIA","5"
"20018","Cavriana",10.60099734,45.34991118,"Mantova","MN","LOMBARDIA","1"
"20019","Ceresara",10.56562252,45.26332286,"Mantova","MN","LOMBARDIA","2"
"20021","Curtatone",10.7162709,45.13376694,"Mantova","MN","LOMBARDIA","5"
"20022","Dosolo",10.64141144,44.95374837,"Mantova","MN","LOMBARDIA","4"
"20025","Gazzuolo",10.58184611,45.06885217,"Mantova","MN","LOMBARDIA","4"
"20026","Goito",10.67547029,45.25521903,"Mantova","MN","LOMBARDIA","2"
"20027","Gonzaga",10.82119368,44.95474885,"Mantova","MN","LOMBARDIA","6"
"20031","Marcaria",10.53358846,45.11961873,"Mantova","MN","LOMBARDIA","4"
"20032","Mariana Mantovana",10.4876164,45.19403347,"Mantova","MN","LOMBARDIA","2"
"20034","Medole",10.50745401,45.32707278,"Mantova","MN","LOMBARDIA","2"
"20035","Moglia",10.91192569,44.93033909,"Mantova","MN","LOMBARDIA","6"
"20036","Monzambano",10.69313808,45.38711484,"Mantova","MN","LOMBARDIA","1"
"20041","Piubega",10.53502787,45.2275724,"Mantova","MN","LOMBARDIA","2"
"20047","Quistello",10.98043645,45.00906722,"Mantova","MN","LOMBARDIA","7"
"20052","Roncoferraro",10.95100592,45.13324175,"Mantova","MN","LOMBARDIA","3"
"20053","Roverbella",10.76451212,45.26503872,"Mantova","MN","LOMBARDIA","3"
"20054","Sabbioneta",10.48991359,44.99975993,"Mantova","MN","LOMBARDIA","4"
"20059","San Martino dall'Argine",10.52014901,45.10070268,"Mantova","MN","LOMBARDIA","4"
"20061","Sermide",11.2989691,45.00602954,"Mantova","MN","LOMBARDIA","7"
"20062","Serravalle a Po",11.07981063,45.06565239,"Mantova","MN","LOMBARDIA","3"
"20065","Suzzara",10.74561894,44.99023318,"Mantova","MN","LOMBARDIA","6"
"20066","Viadana",10.52143199,44.92611892,"Mantova","MN","LOMBARDIA","4"
"20070","Volta Mantovana",10.65949338,45.31957585,"Mantova","MN","LOMBARDIA","1"
"20072","Borgo Mantovano",11.1323,45.0544,"Mantova","MN","LOMBARDIA","8"
"2015","Borgo d'Ale",8.05372704,45.34991763,"Vercelli","VC","PIEMONTE","6"
"2042","Cigliano",8.021489,45.309557,"Vercelli","VC","PIEMONTE","9"
"2128","Saluggia",8.01113811,45.23583395,"Vercelli","VC","PIEMONTE","9"
"2133","Santhià",8.17435014,45.366922,"Vercelli","VC","PIEMONTE","10"
"2150","Tronzano Vercellese",8.17469273,45.3427904,"Vercelli","VC","PIEMONTE","10"
"2164","Villata",8.43260279,45.38561063,"Vercelli","VC","PIEMONTE","10"
"23004","Arcole",11.28695082,45.35768001,"Verona","VR","VENETO","7"
"23009","Bonavigo",11.27970781,45.25754447,"Verona","VR","VENETO","9"
"23011","Bosco Chiesanuova",11.02941969,45.62213312,"Verona","VR","VENETO","2"
"23019","Casaleone",11.20022173,45.16977267,"Verona","VR","VENETO","9"
"23025","Cerea",11.21287303,45.19202052,"Verona","VR","VENETO","9"
"23038","Grezzana",11.04763369,45.54636615,"Verona","VR","VENETO","4"
"23041","Isola Rizza",11.19870989,45.29144,"Verona","VR","VENETO","8"
"23044","Legnago",11.30751817,45.19138954,"Verona","VR","VENETO","9"
"23048","Minerbe",11.34069697,45.24175652,"Verona","VR","VENETO","9"
"23051","Mozzecane",10.81771082,45.30970544,"Verona","VR","VENETO","6"
"23053","Nogara",11.06090553,45.1778399,"Verona","VR","VENETO","8"
"23054","Nogarole Rocca",10.88371218,45.29164131,"Verona","VR","VENETO","8"
"23056","Palù",11.1545684,45.32469174,"Verona","VR","VENETO","6"
"23060","Povegliano Veronese",10.88092951,45.347262,"Verona","VR","VENETO","6"
"23065","Roverchiara",11.24789009,45.27241826,"Verona","VR","VENETO","9"
"23083","Sona",10.8326653,45.43402698,"Verona","VR","VENETO","3"
"23085","Terrazzo",11.398472,45.173327,"Verona","VR","VENETO","9"
"23088","Trevenzuolo",10.93304145,45.27130528,"Verona","VR","VENETO","8"
"23092","Veronella",11.32049292,45.32308406,"Verona","VR","VENETO","7"
"23096","Villafranca di Verona",10.8467368,45.35080445,"Verona","VR","VENETO","6"
"23097","Zevio",11.13533549,45.37555774,"Verona","VR","VENETO","6"
"24002","Albettone",11.5851886,45.35832713,"Vicenza","VI","VENETO","9"
"24015","Brendola",11.45521671,45.4693637,"Vicenza","VI","VENETO","6"
"24048","Isola Vicentina",11.44151256,45.62964307,"Vicenza","VI","VENETO","7"
"24051","Longare",11.6070214,45.4787581,"Vicenza","VI","VENETO","6"
"24065","Montegaldella",11.6740893,45.4360794,"Vicenza","VI","VENETO","8"
"24074","Noventa Vicentina",11.54046115,45.29090677,"Vicenza","VI","VENETO","9"
"24075","Orgiano",11.46648317,45.35159051,"Vicenza","VI","VENETO","9"
"24079","Pojana Maggiore",11.50137755,45.29206822,"Vicenza","VI","VENETO","9"
"24082","Pozzoleone",11.67925911,45.6491244,"Vicenza","VI","VENETO","8"
"24099","Schiavon",11.64427868,45.69774909,"Vicenza","VI","VENETO","8"
"24108","Torri di Quartesolo",11.61629167,45.51956158,"Vicenza","VI","VENETO","8"
"24116","Vicenza",11.54597109,45.54749699,"Vicenza","VI","VENETO","7"
"25006","Belluno",12.21704167,46.13837528,"Belluno","BL","VENETO","6"
"25022","Fonzaso",11.79959802,46.0177974,"Belluno","BL","VENETO","5"
"25036","Pedavena",11.88143634,46.0393884,"Belluno","BL","VENETO","5"
"25048","Santa Giustina",12.04245466,46.08338157,"Belluno","BL","VENETO","6"
"26001","Altivole",11.95579071,45.7539904,"Treviso","TV","VENETO","4"
"26004","Borso del Grappa",11.79930684,45.82099181,"Treviso","TV","VENETO","2"
"26005","Breda di Piave",12.33099505,45.7240999,"Treviso","TV","VENETO","7"
"26019","Codognè",12.42960265,45.87033061,"Treviso","TV","VENETO","3"
"26028","Fontanelle",12.46824407,45.83092189,"Treviso","TV","VENETO","3"
"26033","Godega di Sant'Urbano",12.39779903,45.93172971,"Treviso","TV","VENETO","3"
"26036","Loria",11.86653396,45.72835905,"Treviso","TV","VENETO","4"
"26038","Mareno di Piave",12.35218627,45.84085592,"Treviso","TV","VENETO","3"
"26043","Mogliano Veneto",12.23645377,45.56158644,"Treviso","TV","VENETO","7"
"26058","Ponte di Piave",12.46395801,45.71601581,"Treviso","TV","VENETO","6"
"26072","San Fior",12.35840806,45.92083905,"Treviso","TV","VENETO","3"
"26087","Valdobbiadene",11.99523685,45.90129788,"Treviso","TV","VENETO","1"
"26095","Zero Branco",12.16410528,45.59933512,"Treviso","TV","VENETO","7"
"27002","Campagna Lupia",12.09812525,45.35344114,"Venezia","VE","VENETO","5"
"27003","Campolongo Maggiore",12.04809236,45.33141166,"Venezia","VE","VENETO","4"
"27004","Camponogara",12.07261888,45.38508648,"Venezia","VE","VENETO","4"
"27008","Chioggia",12.27943819,45.22007077,"Venezia","VE","VENETO","5"
"27019","Iesolo",12.63646208,45.53350167,"Venezia","VE","VENETO","3"
"27022","Meolo",12.45265571,45.61903318,"Venezia","VE","VENETO","2"
"27023","Mira",12.12336744,45.43288104,"Venezia","VE","VENETO","5"
"27034","San Michele al Tagliamento",12.99493968,45.76387362,"Venezia","VE","VENETO","1"
"27035","Santa Maria di Sala",12.03547005,45.50475249,"Venezia","VE","VENETO","4"
"27036","Santo Stino di Livenza",12.67956354,45.73053829,"Venezia","VE","VENETO","1"
"27041","Torre di Mosto",12.71063722,45.69071804,"Venezia","VE","VENETO","2"
"28003","Albignasego",11.86837713,45.34641419,"Padova","PD","VENETO","4"
"28004","Anguillara Veneta",11.8860307,45.13873545,"Padova","PD","VENETO","6"
"28008","Bagnoli di Sopra",11.88137227,45.18515279,"Padova","PD","VENETO","6"
"28012","Boara Pisani",11.78347605,45.10729174,"Padova","PD","VENETO","5"
"28015","Brugine",11.99269059,45.29830159,"Padova","PD","VENETO","7"
"28016","Cadoneghe",11.91006573,45.44779555,"Padova","PD","VENETO","4"
"28019","Camposampiero",11.93198749,45.57184005,"Padova","PD","VENETO","3"
"28022","Carceri",11.62129294,45.1956694,"Padova","PD","VENETO","5"
"28027","Casale di Scodosia",11.46636731,45.18780161,"Padova","PD","VENETO","5"
"28028","Casalserugo",11.91480701,45.31632022,"Padova","PD","VENETO","4"
"28030","Cervarese Santa Croce",11.69190168,45.40293414,"Padova","PD","VENETO","4"
"28033","Codevigo",12.10331958,45.26795503,"Padova","PD","VENETO","7"
"28043","Granze",11.71328468,45.15430503,"Padova","PD","VENETO","5"
"28047","Lozzo Atestino",11.63136512,45.29111089,"Padova","PD","VENETO","1"
"28049","Masi",11.49174779,45.10842207,"Padova","PD","VENETO","5"
"28051","Megliadino San Fidenzio",11.51745765,45.21759002,"Padova","PD","VENETO","5"
"28054","Mestrino",11.75878722,45.44354385,"Padova","PD","VENETO","4"
"28056","Montagnana",11.46714863,45.23198272,"Padova","PD","VENETO","5"
"28059","Ospedaletto Euganeo",11.61058506,45.22252696,"Padova","PD","VENETO","5"
"28060","Padova",11.87608719,45.40692987,"Padova","PD","VENETO","4"
"28065","Piove di Sacco",12.03515504,45.29611168,"Padova","PD","VENETO","7"
"28071","Rovolon",11.65216534,45.38575243,"Padova","PD","VENETO","1"
"28075","San Giorgio delle Pertiche",11.9099252,45.54200455,"Padova","PD","VENETO","3"
"28077","San Martino di Lupari",11.853268,45.65068255,"Padova","PD","VENETO","2"
"28080","Santa Giustina in Colle",11.90617658,45.56364159,"Padova","PD","VENETO","3"
"28084","Sant'Urbano",11.61974875,45.1133772,"Padova","PD","VENETO","5"
"28086","Selvazzano Dentro",11.78098097,45.39451864,"Padova","PD","VENETO","4"
"28088","Stanghella",11.75641414,45.13492987,"Padova","PD","VENETO","5"
"28089","Teolo",11.70863149,45.36679217,"Padova","PD","VENETO","1"
"28090","Terrassa Padovana",11.90358026,45.2454278,"Padova","PD","VENETO","6"
"28092","Torreglia",11.72466311,45.33602654,"Padova","PD","VENETO","1"
"28093","Trebaseleghe",12.05139711,45.59161249,"Padova","PD","VENETO","3"
"28096","Veggiano",11.71371049,45.44789092,"Padova","PD","VENETO","4"
"28100","Vigonza",11.98306167,45.4436389,"Padova","PD","VENETO","4"
"28102","Villa Estense",11.66718671,45.17219801,"Padova","PD","VENETO","5"
"29001","Adria",12.05644639,45.05465533,"Rovigo","RO","VENETO","3"
"29002","Ariano nel Polesine",12.12108456,44.94521256,"Rovigo","RO","VENETO","3"
"29005","Bagnolo di Po",11.49996488,45.01516346,"Rovigo","RO","VENETO","1"
"29006","Bergantino",11.25302072,45.06037885,"Rovigo","RO","VENETO","1"
"29013","Castelnovo Bariano",11.28626445,45.02669385,"Rovigo","RO","VENETO","1"
"29017","Corbola",12.0774246,45.005632,"Rovigo","RO","VENETO","3"
"29019","Crespino",11.88644751,44.98332247,"Rovigo","RO","VENETO","2"
"29021","Ficarolo",11.43256055,44.9519754,"Rovigo","RO","VENETO","1"
"29022","Fiesso Umbertiano",11.60785403,44.9617601,"Rovigo","RO","VENETO","1"
"29023","Frassinelle Polesine",11.69769786,44.99672352,"Rovigo","RO","VENETO","2"
"29024","Fratta Polesine",11.64100037,45.03168685,"Rovigo","RO","VENETO","2"
"29025","Gaiba",11.48159726,44.9482981,"Rovigo","RO","VENETO","1"
"29027","Giacciano con Baruchella",11.45064279,45.06536475,"Rovigo","RO","VENETO","1"
"29028","Guarda Veneta",11.8026365,44.97979308,"Rovigo","RO","VENETO","2"
"29029","Lendinara",11.59868789,45.08346989,"Rovigo","RO","VENETO","1"
"29032","Melara",11.19772995,45.06184838,"Rovigo","RO","VENETO","1"
"29033","Occhiobello",11.57945086,44.91937113,"Rovigo","RO","VENETO","1"
"29035","Pettorazza Grimani",11.98879519,45.13602119,"Rovigo","RO","VENETO","2"
"29037","Polesella",11.75509475,44.96254896,"Rovigo","RO","VENETO","2"
"29039","Porto Tolle",12.33457629,44.95253376,"Rovigo","RO","VENETO","3"
"29040","Rosolina",12.2461296,45.07588808,"Rovigo","RO","VENETO","3"
"29041","Rovigo",11.79007,45.07107288,"Rovigo","RO","VENETO","2"
"29044","San Martino di Venezze",11.86852699,45.13130764,"Rovigo","RO","VENETO","2"
"29046","Taglio di Po",12.20916834,45.0080457,"Rovigo","RO","VENETO","3"
"29052","Porto Viro",12.21811845,45.02597454,"Rovigo","RO","VENETO","3"
"30004","Aquileia",13.36493966,45.76643933,"Udine","UD","FRIULI","11"
"30009","Basiliano",13.1066967,46.0161983,"Udine","UD","FRIULI","8"
"30010","Bertiolo",13.0553148,45.94329723,"Udine","UD","FRIULI","10"
"30011","Bicinicco",13.24990756,45.93099725,"Udine","UD","FRIULI","9"
"30013","Buja",13.12574372,46.20892856,"Udine","UD","FRIULI","6"
"30015","Camino al Tagliamento",12.9446488,45.92744556,"Udine","UD","FRIULI","8"
"30019","Cassacco",13.1861074,46.17384978,"Udine","UD","FRIULI","6"
"30020","Castions di Strada",13.18486007,45.90844801,"Udine","UD","FRIULI","10"
"30026","Cividale del Friuli",13.43202825,46.09357444,"Udine","UD","FRIULI","7"
"30027","Codroipo",12.97693057,45.96181162,"Udine","UD","FRIULI","8"
"30028","Colloredo di Monte Albano",13.13796575,46.16600585,"Udine","UD","FRIULI","6"
"30031","Coseano",13.01868635,46.09680741,"Udine","UD","FRIULI","8"
"30032","Dignano",12.93863788,46.08769436,"Udine","UD","FRIULI","8"
"30037","Fagagna",13.08393536,46.11325942,"Udine","UD","FRIULI","6"
"30038","Fiumicello",13.40948596,45.79066418,"Udine","UD","FRIULI","11"
"30043","Gemona del Friuli",13.1397359,46.27700513,"Udine","UD","FRIULI","7"
"30044","Gonars",13.23507614,45.8965683,"Udine","UD","FRIULI","10"
"30053","Majano",13.07553655,46.18536637,"Udine","UD","FRIULI","6"
"30055","Manzano",13.38479712,45.98999113,"Udine","UD","FRIULI","9"
"30057","Martignacco",13.13039277,46.09820704,"Udine","UD","FRIULI","9"
"30058","Mereto di Tomba",13.047841,46.05112492,"Udine","UD","FRIULI","8"
"30062","Mortegliano",13.172092,45.94489201,"Udine","UD","FRIULI","9"
"30063","Moruzzo",13.12372436,46.11968491,"Udine","UD","FRIULI","6"
"30068","Pagnacco",13.18811705,46.12418413,"Udine","UD","FRIULI","6"
"30070","Palmanova",13.30986713,45.90475787,"Udine","UD","FRIULI","10"
"30074","Pavia di Udine",13.28121731,45.97819483,"Udine","UD","FRIULI","9"
"30077","Porpetto",13.21546521,45.85923431,"Udine","UD","FRIULI","10"
"30079","Pozzuolo del Friuli",13.19656731,45.98408187,"Udine","UD","FRIULI","9"
"30080","Pradamano",13.29942757,46.03124656,"Udine","UD","FRIULI","9"
"30083","Premariacco",13.39425309,46.05896873,"Udine","UD","FRIULI","9"
"30087","Ragogna",12.97822739,46.1771286,"Udine","UD","FRIULI","6"
"30090","Reana del Rojale",13.24368407,46.1493562,"Udine","UD","FRIULI","9"
"30091","Remanzacco",13.32478658,46.08524186,"Udine","UD","FRIULI","9"
"30098","Ruda",13.39969411,45.83697676,"Udine","UD","FRIULI","11"
"30101","San Giovanni al Natisone",13.40396207,45.98091614,"Udine","UD","FRIULI","9"
"30106","San Vito di Fagagna",13.05693569,46.08820128,"Udine","UD","FRIULI","8"
"30109","Sedegliano",12.97606963,46.0134924,"Udine","UD","FRIULI","8"
"30118","Tavagnacco",13.21480412,46.10113315,"Udine","UD","FRIULI","9"
"30119","Teor",13.0425,45.8798,"Udine","UD","FRIULI","10"
"30120","Terzo d'Aquileia",13.34633364,45.80060701,"Udine","UD","FRIULI","11"
"30126","Treppo Grande",13.15702145,46.1909768,"Udine","UD","FRIULI","6"
"30127","Tricesimo",13.21252411,46.1622232,"Udine","UD","FRIULI","6"
"30128","Trivignano Udinese",13.34749236,45.94148508,"Udine","UD","FRIULI","9"
"30129","Udine",13.23483835,46.06255516,"Udine","UD","FRIULI","9"
"30130","Varmo",12.98815313,45.88673763,"Udine","UD","FRIULI","10"
"30133","Villa Santina",12.92401346,46.41546059,"Udine","UD","FRIULI","1"
"30138","Campolongo Tapogliano",13.39404557,45.8643292,"Udine","UD","FRIULI","2"
"3016","Bellinzago Novarese",8.63973111,45.57030363,"Novara","NO","PIEMONTE","12"
"3036","Carpignano Sesia",8.41834081,45.5353062,"Novara","NO","PIEMONTE","12"
"3042","Castellazzo Novarese",8.48870753,45.5139929,"Novara","NO","PIEMONTE","13"
"3043","Castelletto sopra Ticino",8.64237321,45.71405023,"Novara","NO","PIEMONTE","11"
"3068","Galliate",8.69527266,45.47769535,"Novara","NO","PIEMONTE","12"
"3083","Landiona",8.42216872,45.49690699,"Novara","NO","PIEMONTE","12"
"3088","Maggiora",8.42099488,45.69075412,"Novara","NO","PIEMONTE","9"
"3100","Momo",8.55537053,45.57391222,"Novara","NO","PIEMONTE","12"
"31004","Dolegna del Collio",13.47925922,46.03170197,"Gorizia","GO","FRIULI","2"
"31011","Medea",13.42393366,45.91670305,"Gorizia","GO","FRIULI","2"
"31013","Moraro",13.4952863,45.93022135,"Gorizia","GO","FRIULI","2"
"31018","San Canzian d'Isonzo",13.44340001,45.80955159,"Gorizia","GO","FRIULI","3"
"3106","Novara",8.62191588,45.44588506,"Novara","NO","PIEMONTE","13"
"3129","Recetto",8.43608827,45.46080638,"Novara","NO","PIEMONTE","13"
"3139","Sizzano",8.4373334,45.57734631,"Novara","NO","PIEMONTE","10"
"33021","Fiorenzuola d'Arda",9.90753067,44.92865482,"Piacenza","PC","EMILIA ROMAGNA","6"
"33027","Monticelli d'Ongina",9.93326726,45.08985171,"Piacenza","PC","EMILIA ROMAGNA","6"
"34014","Fidenza",10.0614143,44.86708803,"Parma","PR","EMILIA ROMAGNA","3"
"34015","Fontanellato",10.17341646,44.8824621,"Parma","PR","EMILIA ROMAGNA","5"
"35004","Bibbiano",10.47336979,44.66326108,"Reggio Emilia","RE","EMILIA ROMAGNA","5"
"35024","Guastalla",10.65403902,44.92239814,"Reggio Emilia","RE","EMILIA ROMAGNA","4"
"35026","Luzzara",10.68587518,44.9600928,"Reggio Emilia","RE","EMILIA ROMAGNA","4"
"36045","Spilamberto",11.02374056,44.5337143,"Modena","MO","EMILIA ROMAGNA","6"
"37017","Castello d'Argile",11.29660018,44.68123191,"Bologna","BO","EMILIA ROMAGNA","7"
"37024","Crevalcore",11.14703461,44.7226444,"Bologna","BO","EMILIA ROMAGNA","6"
"37028","Galliera",11.43594172,44.74473998,"Bologna","BO","EMILIA ROMAGNA","7"
"37053","San Giovanni in Persiceto",11.18779855,44.63877152,"Bologna","BO","EMILIA ROMAGNA","6"
"38003","Bondeno",11.41846422,44.88521609,"Ferrara","FE","EMILIA ROMAGNA","1"
"38005","Codigoro",12.10501471,44.83183932,"Ferrara","FE","EMILIA ROMAGNA","3"
"38007","Copparo",11.82871999,44.89547576,"Ferrara","FE","EMILIA ROMAGNA","2"
"38008","Ferrara",11.61868934,44.83599085,"Ferrara","FE","EMILIA ROMAGNA","1"
"40012","Forlì",12.04068608,44.22268559,"Forlì-Cesena","FC","EMILIA ROMAGNA","5"
"4012","Barge",7.32339364,44.72522006,"Cuneo","CN","PIEMONTE","9"
"4016","Beinette",7.64570648,44.36566802,"Cuneo","CN","PIEMONTE","17"
"4019","Bene Vagienna",7.83282512,44.54523956,"Cuneo","CN","PIEMONTE","16"
"4022","Bernezzo",7.43531003,44.38860537,"Cuneo","CN","PIEMONTE","6"
"4027","Bossolasco",8.05750263,44.52679083,"Cuneo","CN","PIEMONTE","12"
"4028","Boves",7.55199457,44.32981994,"Cuneo","CN","PIEMONTE","6"
"4034","Busca",7.47352127,44.51369697,"Cuneo","CN","PIEMONTE","17"
"4041","Caramagna Piemonte",7.74117579,44.78043462,"Cuneo","CN","PIEMONTE","15"
"4042","Cardè",7.47821589,44.74417866,"Cuneo","CN","PIEMONTE","15"
"4043","Carrù",7.88006416,44.47859161,"Cuneo","CN","PIEMONTE","16"
"4049","Castelletto Stura",7.63905085,44.44422917,"Cuneo","CN","PIEMONTE","17"
"4057","Castino",8.18121378,44.61699553,"Cuneo","CN","PIEMONTE","12"
"4059","Cavallermaggiore",7.68774788,44.70785741,"Cuneo","CN","PIEMONTE","15"
"4061","Centallo",7.59014854,44.50412404,"Cuneo","CN","PIEMONTE","17"
"4064","Cervasca",7.46788805,44.38316033,"Cuneo","CN","PIEMONTE","6"
"4068","Chiusa di Pesio",7.67788414,44.32477035,"Cuneo","CN","PIEMONTE","6"
"4078","Cuneo",7.55117163,44.39329624,"Cuneo","CN","PIEMONTE","17"
"4087","Faule",7.58066365,44.80542638,"Cuneo","CN","PIEMONTE","15"
"4089","Fossano",7.72487008,44.549398,"Cuneo","CN","PIEMONTE","17"
"4130","Mondovì",7.81980578,44.38717713,"Cuneo","CN","PIEMONTE","14"
"4163","Peveragno",7.61713926,44.33001233,"Cuneo","CN","PIEMONTE","6"
"4203","Saluzzo",7.49084739,44.64702298,"Cuneo","CN","PIEMONTE","15"
"4208","Sanfrè",7.80354961,44.75219136,"Cuneo","CN","PIEMONTE","10"
"4211","Sant'Albano Stura",7.7210529,44.50992775,"Cuneo","CN","PIEMONTE","17"
"4215","Savigliano",7.65747908,44.64801868,"Cuneo","CN","PIEMONTE","15"
"4217","Scarnafigi",7.56692665,44.68175572,"Cuneo","CN","PIEMONTE","15"
"4222","Sommariva del Bosco",7.7842658,44.77128582,"Cuneo","CN","PIEMONTE","10"
"4225","Tarantasca",7.54506036,44.4934162,"Cuneo","CN","PIEMONTE","17"
"4232","Trinità",7.7580356,44.50746901,"Cuneo","CN","PIEMONTE","16"
"4244","Villafalletto",7.53889467,44.54428113,"Cuneo","CN","PIEMONTE","17"
"4247","Villar San Costanzo",7.38029785,44.48300637,"Cuneo","CN","PIEMONTE","3"
"4250","Vottignasco",7.57821349,44.56481499,"Cuneo","CN","PIEMONTE","17"
"45001","Aulla",9.96815494,44.20934409,"Massa-Carrara","MS","TOSCANA","4"
"45016","Villafranca in Lunigiana",9.95102604,44.2919847,"Massa-Carrara","MS","TOSCANA","1"
"46001","Altopascio",10.67474472,43.81503652,"Lucca","LU","TOSCANA","7"
"47017","Quarrata",10.97861288,43.84759372,"Pistoia","PT","TOSCANA","3"
"48011","Cerreto Guidi",10.87757536,43.75966924,"Firenze","FI","TOSCANA","10"
"48014","Empoli",10.94718391,43.71908066,"Firenze","FI","TOSCANA","10"
"50032","San Miniato",10.85239053,43.67940707,"Pisa","PI","TOSCANA","1"
"5004","Aramengo",8.00198071,45.09973309,"Asti","AT","PIEMONTE","1"
"5005","Asti",8.20414255,44.89912921,"Asti","AT","PIEMONTE","2"
"5012","Buttigliera d'Asti",7.95051282,45.02254621,"Asti","AT","PIEMONTE","1"
"5034","Celle Enomondo",8.12297302,44.85663333,"Asti","AT","PIEMONTE","2"
"5040","Cisterna d'Asti",8.0048209,44.82617595,"Asti","AT","PIEMONTE","1"
"5090","Revigliasco d'Asti",8.1583648,44.85873263,"Asti","AT","PIEMONTE","2"
"5091","Roatto",8.02661283,44.95150123,"Asti","AT","PIEMONTE","1"
"51017","Cortona",11.98505582,43.27511338,"Arezzo","AR","TOSCANA","6"
"51021","Lucignano",11.74707426,43.2754946,"Arezzo","AR","TOSCANA","5"
"51034","Sansepolcro",12.1413222,43.57014563,"Arezzo","AR","TOSCANA","4"
"5109","Tonco",8.18984201,45.02410808,"Asti","AT","PIEMONTE","2"
"5118","Villanova d'Asti",7.93722176,44.94188973,"Asti","AT","PIEMONTE","1"
"53011","Grosseto",11.11356398,42.76026757,"Grosseto","GR","TOSCANA","7"
"54001","Assisi",12.61540396,43.07082764,"Perugia","PG","UMBRIA","8"
"54002","Bastia Umbra",12.5492598,43.06650647,"Perugia","PG","UMBRIA","7"
"54009","Castiglione del Lago",12.05357675,43.1272779,"Perugia","PG","UMBRIA","6"
"54013","Città di Castello",12.23814701,43.45737865,"Perugia","PG","UMBRIA","5"
"54017","Deruta",12.41989716,42.98223798,"Perugia","PG","UMBRIA","7"
"54018","Foligno",12.703587,42.95569525,"Perugia","PG","UMBRIA","2"
"54020","Fratta Todina",12.36643365,42.85753894,"Perugia","PG","UMBRIA","10"
"54024","Gubbio",12.57875535,43.35352094,"Perugia","PG","UMBRIA","1"
"54025","Lisciano Niccone",12.14336777,43.246024,"Perugia","PG","UMBRIA","6"
"54026","Magione",12.20540863,43.14260687,"Perugia","PG","UMBRIA","6"
"54029","Monte Castello di Vibio",12.35226566,42.84031952,"Perugia","PG","UMBRIA","10"
"54039","Perugia",12.38824699,43.1067584,"Perugia","PG","UMBRIA","7"
"54040","Piegaro",12.08582134,42.97051088,"Perugia","PG","UMBRIA","9"
"54050","Spello",12.67126173,42.99250937,"Perugia","PG","UMBRIA","8"
"54051","Spoleto",12.73830119,42.73448355,"Perugia","PG","UMBRIA","12"
"54052","Todi",12.40689673,42.7822488,"Perugia","PG","UMBRIA","10"
"54053","Torgiano",12.43398052,43.0257264,"Perugia","PG","UMBRIA","7"
"54055","Tuoro sul Trasimeno",12.07173598,43.20875849,"Perugia","PG","UMBRIA","6"
"54056","Umbertide",12.32693492,43.30646239,"Perugia","PG","UMBRIA","5"
"55022","Narni",12.51528967,42.5192581,"Terni","TR","UMBRIA","6"
"57059","Rieti",12.86205941,42.40488444,"Rieti","RI","LAZIO","2"
"59017","Pontinia",13.0440276,41.40822926,"Latina","LT","LAZIO","6"
"60005","Amaseno",13.33578221,41.46812425,"Frosinone","FR","LAZIO","8"
"6003","Alessandria",8.61540116,44.91297351,"Alessandria","AL","PIEMONTE","12"
"6020","Borgo San Martino",8.52362138,45.0890903,"Alessandria","AL","PIEMONTE","9"
"6088","Lerma",8.71251661,44.63497457,"Alessandria","AL","PIEMONTE","7"
"6174","Tortona",8.86015893,44.89474291,"Alessandria","AL","PIEMONTE","12"
"7052","Pont-Saint-Martin",7.797798,45.59981254,"Aosta","AO","VALLE D'AOSTA","6"
"9015","Cairo Montenotte",8.27417261,44.39971795,"Savona","SV","LIGURIA","1"
"9032","Giusvalla",8.3937268,44.44947912,"Savona","SV","LIGURIA","1"
"9048","Piana Crixia",8.30751198,44.48527201,"Savona","SV","LIGURIA","1"
"93004","Aviano",12.5881786,46.06720286,"Pordenone","PN","FRIULI","2"
"93008","Budoia",12.53264931,46.04292467,"Pordenone","PN","FRIULI","2"
"93010","Casarsa della Delizia",12.84014735,45.95374624,"Pordenone","PN","FRIULI","4"
"93017","Cordenons",12.70715102,45.98849264,"Pordenone","PN","FRIULI","3"
"93022","Fontanafredda",12.54779912,45.98891061,"Pordenone","PN","FRIULI","3"
"93025","Maniago",12.7081671,46.17104534,"Pordenone","PN","FRIULI","2"
"93028","Morsano al Tagliamento",12.92903161,45.85783419,"Pordenone","PN","FRIULI","4"
"93033","Pordenone",12.66002911,45.95443546,"Pordenone","PN","FRIULI","3"
"93034","Prata di Pordenone",12.59726391,45.89393848,"Pordenone","PN","FRIULI","3"
"93035","Pravisdomini",12.69215327,45.81755711,"Pordenone","PN","FRIULI","3"
"93036","Roveredo in Piano",12.61755092,46.00954116,"Pordenone","PN","FRIULI","3"
"93038","San Giorgio della Richinvelda",12.86774016,46.04540931,"Pordenone","PN","FRIULI","4"
"93040","San Quirino",12.680307,46.03636768,"Pordenone","PN","FRIULI","3"
"93041","San Vito al Tagliamento",12.85473667,45.91497245,"Pordenone","PN","FRIULI","4"
"93043","Sesto al Reghena",12.81651528,45.84857474,"Pordenone","PN","FRIULI","4"
"93044","Spilimbergo",12.90567156,46.11211858,"Pordenone","PN","FRIULI","4"
"93051","Zoppola",12.77039751,45.96638834,"Pordenone","PN","FRIULI","3"
"97010","Brivio",9.44832519,45.74211964,"Lecco","LC","LOMBARDIA","12"
"97062","Paderno d'Adda",9.44739335,45.68024814,"Lecco","LC","LOMBARDIA","12"
"97087","Verderio Inferiore",9.4345,45.6665,"Lecco","LC","LOMBARDIA","12"
"97091","Verderio",9.44182,45.663,"Lecco","LC","LOMBARDIA","8"
"98003","Boffalora d'Adda",9.49469045,45.35863081,"Lodi","LO","LOMBARDIA","9"
"98006","Brembio",9.56969713,45.2151031,"Lodi","LO","LOMBARDIA","10"
"98008","Casaletto Lodigiano",9.36181333,45.29313323,"Lodi","LO","LOMBARDIA","9"
"98018","Cervignano d'Adda",9.42263787,45.3738302,"Lodi","LO","LOMBARDIA","9"
"98019","Codogno",9.70319172,45.16002706,"Lodi","LO","LOMBARDIA","10"
"98031","Lodi",9.50372077,45.31440693,"Lodi","LO","LOMBARDIA","9"
"98054","Somaglia",9.63788616,45.14698574,"Lodi","LO","LOMBARDIA","11"
"98056","Tavazzano con Villavesco",9.40969561,45.32750177,"Lodi","LO","LOMBARDIA","9"
"98060","Villanova del Sillaro",9.48089049,45.23730986,"Lodi","LO","LOMBARDIA","10"
